{
  "appId": "com.simpleerp.app",
  "productName": "SimpleERP",
  "directories": {
    "output": "dist"
  },
  "files": ["out/**/*", "electron/**/*", "package.json"],
  "win": {
    "target": "nsis",
    "icon": "public/favicon.ico"
  },
  "mac": {
    "target": "dmg",
    "icon": "public/favicon.ico"
  },
  "linux": {
    "target": "AppImage",
    "icon": "public/favicon.ico"
  },
  "nsis": {
    "oneClick": false,
    "allowToChangeInstallationDirectory": true,
    "createDesktopShortcut": true
  }
}

